-- ============================================================
-- Seed data for mongolpotential.com  (fixed: JSON backslashes doubled)
-- ============================================================

-- ─── Topics (parent topics) ─────────────────────────────────
INSERT INTO topics (id, parent_id, name, slug, display_order) VALUES
  ('a0000000-0000-0000-0000-000000000001', NULL, 'Алгебр', 'algebra', 1),
  ('a0000000-0000-0000-0000-000000000002', NULL, 'Геометр', 'geometry', 2),
  ('a0000000-0000-0000-0000-000000000003', NULL, 'Анализ', 'calculus', 3),
  ('a0000000-0000-0000-0000-000000000004', NULL, 'Магадлал ба Статистик', 'statistics', 4),
  ('a0000000-0000-0000-0000-000000000005', NULL, 'Тоон онол', 'number-theory', 5);

-- ─── Subtopics ──────────────────────────────────────────────
INSERT INTO topics (id, parent_id, name, slug, display_order) VALUES
  ('b0000000-0000-0000-0000-000000000001', 'a0000000-0000-0000-0000-000000000001', 'Шугаман тэгшитгэл', 'linear-equations', 1),
  ('b0000000-0000-0000-0000-000000000002', 'a0000000-0000-0000-0000-000000000001', 'Квадрат тэгшитгэл', 'quadratic-equations', 2),
  ('b0000000-0000-0000-0000-000000000003', 'a0000000-0000-0000-0000-000000000002', 'Гурвалжин', 'triangles', 1),
  ('b0000000-0000-0000-0000-000000000004', 'a0000000-0000-0000-0000-000000000002', 'Тойрог', 'circles', 2),
  ('b0000000-0000-0000-0000-000000000005', 'a0000000-0000-0000-0000-000000000003', 'Уламжлал', 'derivatives', 1),
  ('b0000000-0000-0000-0000-000000000006', 'a0000000-0000-0000-0000-000000000003', 'Интеграл', 'integrals', 2),
  ('b0000000-0000-0000-0000-000000000007', 'a0000000-0000-0000-0000-000000000004', 'Магадлал', 'probability', 1),
  ('b0000000-0000-0000-0000-000000000008', 'a0000000-0000-0000-0000-000000000005', 'Хуваагдах чанар', 'divisibility', 1);

-- ─── Problems: Algebra — Linear Equations ───────────────────
INSERT INTO problems (topic_id, difficulty, question, question_meta, answer_type, correct_answer, options, hints, explanation) VALUES
  ('b0000000-0000-0000-0000-000000000001', 1,
   '2x + 5 = 13 тэгшитгэлийг бод.',
   '{"format": "latex", "expression": "2x + 5 = 13"}',
   'NUMERIC', '4', NULL,
   '["Хоёр талаас 5-ыг хас", "2x = 8 болно"]',
   'x = (13 - 5) / 2 = 4'),
  ('b0000000-0000-0000-0000-000000000001', 2,
   '3(x - 2) + 4 = 2x + 5 тэгшитгэлийг бод.',
   '{"format": "latex", "expression": "3(x-2)+4 = 2x+5"}',
   'NUMERIC', '7', NULL,
   '["Хаалтыг задал: 3x - 6 + 4 = 2x + 5", "3x - 2 = 2x + 5"]',
   '3x - 6 + 4 = 2x + 5 → 3x - 2 = 2x + 5 → x = 7'),
  ('b0000000-0000-0000-0000-000000000001', 3,
   'Хэрэв 5x - 3 = 2(x + 6) бол x-ийн утгыг ол.',
   '{"format": "latex", "expression": "5x - 3 = 2(x+6)"}',
   'NUMERIC', '5', NULL,
   '["Баруун талыг задал: 2x + 12", "5x - 2x = 12 + 3"]',
   '5x - 3 = 2x + 12 → 3x = 15 → x = 5');

-- ─── Problems: Algebra — Quadratic Equations ────────────────
INSERT INTO problems (topic_id, difficulty, question, question_meta, answer_type, correct_answer, options, hints, explanation) VALUES
  ('b0000000-0000-0000-0000-000000000002', 2,
   'x² - 5x + 6 = 0 тэгшитгэлийн шийдүүдийн нийлбэр хэд вэ?',
   '{"format": "latex", "expression": "x^2 - 5x + 6 = 0"}',
   'NUMERIC', '5', NULL,
   '["Виетийн теорем: шийдүүдийн нийлбэр = -b/a", "a=1, b=-5 учир нийлбэр = 5"]',
   'Виетийн теоремоор: x₁ + x₂ = -(-5)/1 = 5'),
  ('b0000000-0000-0000-0000-000000000002', 3,
   'x² + 4x + 4 = 0 тэгшитгэлийн шийд хэд вэ?',
   '{"format": "latex", "expression": "x^2 + 4x + 4 = 0"}',
   'NUMERIC', '-2', NULL,
   '["Энэ бол бүрэн квадрат", "(x+2)² = 0"]',
   '(x+2)² = 0 → x = -2 (давхар язгуур)'),
  ('b0000000-0000-0000-0000-000000000002', 4,
   '2x² - 7x + 3 = 0 тэгшитгэлийн шийдүүдийн үржвэр хэд вэ?',
   '{"format": "latex", "expression": "2x^2 - 7x + 3 = 0"}',
   'MCQ', '1.5',
   '["1.5", "3", "6", "7"]',
   '["Виетийн теорем: үржвэр = c/a", "c=3, a=2"]',
   'Виетийн теоремоор: x₁·x₂ = c/a = 3/2 = 1.5');

-- ─── Problems: Geometry — Triangles ─────────────────────────
INSERT INTO problems (topic_id, difficulty, question, question_meta, answer_type, correct_answer, options, hints, explanation) VALUES
  ('b0000000-0000-0000-0000-000000000003', 1,
   'Гурвалжны дотоод өнцгүүдийн нийлбэр хэдэн градус вэ?',
   '{"format": "plain"}',
   'NUMERIC', '180', NULL,
   '["Бүх гурвалжинд хамаарна"]',
   'Гурвалжны дотоод өнцгүүдийн нийлбэр үргэлж 180° байна.'),
  ('b0000000-0000-0000-0000-000000000003', 2,
   'Тэнцүү хажуут гурвалжны суурийн өнцөг 70° бол оройн өнцөг хэд вэ?',
   '{"format": "plain"}',
   'NUMERIC', '40', NULL,
   '["Суурийн 2 өнцөг тэнцүү", "180 - 70 - 70 = ?"]',
   '180° - 70° - 70° = 40°'),
  ('b0000000-0000-0000-0000-000000000003', 3,
   'Тэгш өнцөгт гурвалжны катетууд 3 ба 4 бол гипотенуз хэд вэ?',
   '{"format": "latex", "expression": "a=3, b=4, c=?"}',
   'NUMERIC', '5', NULL,
   '["Пифагорын теорем: a² + b² = c²", "9 + 16 = 25"]',
   'c = √(3² + 4²) = √25 = 5');

-- ─── Problems: Geometry — Circles ───────────────────────────
INSERT INTO problems (topic_id, difficulty, question, question_meta, answer_type, correct_answer, options, hints, explanation) VALUES
  ('b0000000-0000-0000-0000-000000000004', 1,
   'Радиус нь 7 нэгж бол тойргийн талбай хэд вэ? (π = 3.14 гэж тооц)',
   '{"format": "latex", "expression": "S = \\pi r^2"}',
   'MCQ', '153.86',
   '["153.86", "43.96", "49", "21.98"]',
   '["S = πr²", "S = 3.14 × 49"]',
   'S = π × 7² = 3.14 × 49 = 153.86'),
  ('b0000000-0000-0000-0000-000000000004', 2,
   'Тойргийн уртыг ол: r = 10 (π = 3.14)',
   '{"format": "latex", "expression": "C = 2\\pi r"}',
   'NUMERIC', '62.8', NULL,
   '["C = 2πr"]',
   'C = 2 × 3.14 × 10 = 62.8');

-- ─── Problems: Calculus — Derivatives ───────────────────────
INSERT INTO problems (topic_id, difficulty, question, question_meta, answer_type, correct_answer, options, hints, explanation) VALUES
  ('b0000000-0000-0000-0000-000000000005', 2,
   'f(x) = 3x² + 2x - 1 функцийн уламжлалыг ол.',
   '{"format": "latex", "expression": "f(x) = 3x^2 + 2x - 1"}',
   'MCQ', '6x + 2',
   '["6x + 2", "6x - 1", "3x + 2", "6x² + 2"]',
   '["Зэрэг бууруулах дүрэм: (xⁿ)'' = nxⁿ⁻¹"]',
   'f''(x) = 6x + 2'),
  ('b0000000-0000-0000-0000-000000000005', 3,
   'f(x) = x³ - 6x² + 9x бол f''(x) = 0 үед x = ?',
   '{"format": "latex", "expression": "f(x) = x^3 - 6x^2 + 9x"}',
   'MCQ', '1, 3',
   '["1, 3", "0, 3", "2, 3", "1, 6"]',
   '["f''(x) = 3x² - 12x + 9", "3(x² - 4x + 3) = 0"]',
   'f''(x) = 3x² - 12x + 9 = 3(x-1)(x-3) = 0 → x = 1, x = 3');

-- ─── Problems: Calculus — Integrals ─────────────────────────
INSERT INTO problems (topic_id, difficulty, question, question_meta, answer_type, correct_answer, options, hints, explanation) VALUES
  ('b0000000-0000-0000-0000-000000000006', 3,
   '∫(2x + 3)dx интегралыг бод.',
   '{"format": "latex", "expression": "\\int (2x+3)\\,dx"}',
   'MCQ', 'x² + 3x + C',
   '["x² + 3x + C", "2x² + 3x + C", "x² + 3 + C", "2x + 3 + C"]',
   '["Зэрэг нэмэх дүрэм"]',
   '∫(2x+3)dx = x² + 3x + C');

-- ─── Problems: Statistics — Probability ─────────────────────
INSERT INTO problems (topic_id, difficulty, question, question_meta, answer_type, correct_answer, options, hints, explanation) VALUES
  ('b0000000-0000-0000-0000-000000000007', 1,
   'Шоог нэг удаа хаяхад 3-аас их тоо буух магадлал хэд вэ?',
   '{"format": "plain"}',
   'MCQ', '0.5',
   '["0.5", "0.33", "0.67", "0.17"]',
   '["3-аас их: 4, 5, 6", "3 тохиромжтой үр дүн / 6 нийт"]',
   '4, 5, 6 гэсэн 3 тохиромжтой үр дүн. P = 3/6 = 0.5'),
  ('b0000000-0000-0000-0000-000000000007', 2,
   '52 хөзрийн багцаас нэг хөзөр сугалахад улаан масттай байх магадлал хэд вэ?',
   '{"format": "plain"}',
   'MCQ', '0.25',
   '["0.25", "0.5", "0.13", "0.33"]',
   '["4 маст байдаг", "Улаан маст = 13 хөзөр"]',
   'P = 13/52 = 1/4 = 0.25'),
  ('b0000000-0000-0000-0000-000000000007', 3,
   '2 шоог зэрэг хаяхад нийлбэр нь 7 байх магадлал хэд вэ? (Бутархайгаар хариул)',
   '{"format": "plain"}',
   'TEXT', '1/6', NULL,
   '["Нийт үр дүн: 6×6 = 36", "7 гарах хослолууд: (1,6),(2,5),(3,4),(4,3),(5,2),(6,1) = 6"]',
   '6 тохиромжтой хослол / 36 нийт = 6/36 = 1/6');

-- ─── Problems: Number Theory — Divisibility ─────────────────
INSERT INTO problems (topic_id, difficulty, question, question_meta, answer_type, correct_answer, options, hints, explanation) VALUES
  ('b0000000-0000-0000-0000-000000000008', 1,
   '24 ба 36-ийн ХИЕХ (GCD) хэд вэ?',
   '{"format": "plain"}',
   'NUMERIC', '12', NULL,
   '["24 = 2³×3", "36 = 2²×3²", "Нийтлэг хүчин зүйлүүдийн бага зэргийг ав"]',
   'GCD(24,36) = 2²×3 = 12'),
  ('b0000000-0000-0000-0000-000000000008', 2,
   '12 ба 18-ийн ХБЕХ (LCM) хэд вэд?',
   '{"format": "plain"}',
   'NUMERIC', '36', NULL,
   '["12 = 2²×3", "18 = 2×3²", "Бүх хүчин зүйлүүдийн их зэргийг ав"]',
   'LCM(12,18) = 2²×3² = 36'),
  ('b0000000-0000-0000-0000-000000000008', 3,
   '1-ээс 100 хүртэлх тоонуудаас 6-д хуваагддаг тоо хэд байна вэ?',
   '{"format": "plain"}',
   'NUMERIC', '16', NULL,
   '["6-д хуваагддаг: 6, 12, 18, ..., 96", "floor(100/6) = ?"]',
   'floor(100/6) = 16. Тоонууд: 6, 12, 18, ..., 96');

-- ─── Achievements ───────────────────────────────────────────
INSERT INTO achievements (slug, name, description, icon_key, xp_reward, category, threshold) VALUES
  ('first_problem', 'Эхний алхам', 'Анхны бодлогоо бодсон!', 'rocket', 50, 'milestone', 1),
  ('streak_3', '3 өдрийн цуваа', '3 өдөр дараалан дасгал хийсэн', 'fire', 100, 'streak', 3),
  ('streak_7', '7 өдрийн цуваа', '7 өдөр дараалан дасгал хийсэн', 'flame', 250, 'streak', 7),
  ('streak_30', '30 өдрийн цуваа', '30 өдөр дараалан дасгал хийсэн', 'crown', 1000, 'streak', 30),
  ('perfect_session', 'Төгс хариулт', 'Нэг session-д бүх бодлогыг зөв бодсон (5+)', 'star', 200, 'accuracy', 1),
  ('speed_demon', 'Хурдан бодогч', 'Дундаж хариулах хугацаа 15 секундээс бага', 'lightning', 150, 'speed', 1),
  ('century', 'Зуун бодлого', 'Нийт 100 бодлого бодсон', 'trophy', 500, 'milestone', 100);
